"Position","Name","Salary","GameInfo","AvgPointsPerGame","teamAbbrev"
"SG","James Harden",10200,"Hou@NY 07:30PM ET",52.672,"Hou"
"SF","Paul George",10100,"Ind@LAL 09:30PM ET",47.333,"Ind"
"C","Andre Drummond",8900,"Det@Bkn 06:00PM ET",47.156,"Det"
"PG","Kyle Lowry",8500,"Pho@Tor 06:00PM ET",42.469,"Tor"
"SG","Eric Bledsoe",8300,"Pho@Tor 06:00PM ET",40.700,"Pho"
"SF","Carmelo Anthony",8000,"Hou@NY 07:30PM ET",39.294,"NY"
"PG","Brandon Knight",7900,"Pho@Tor 06:00PM ET",39.750,"Pho"
"PG","Isaiah Thomas",7500,"Bos@Orl 06:00PM ET",35.672,"Bos"
"PF","Kristaps Porzingis",7500,"Hou@NY 07:30PM ET",31.412,"NY"
"C","Dwight Howard",7400,"Hou@NY 07:30PM ET",37.000,"Hou"
"C","Brook Lopez",7100,"Det@Bkn 06:00PM ET",37.350,"Bkn"
"C","Marc Gasol",7100,"Phi@Mem 06:00PM ET",31.853,"Mem"
"SG","DeMar DeRozan",7100,"Pho@Tor 06:00PM ET",34.406,"Tor"
"PG","Reggie Jackson",7000,"Det@Bkn 06:00PM ET",34.594,"Det"
"PF","Thaddeus Young",6900,"Det@Bkn 06:00PM ET",32.100,"Bkn"
"PG","Mike Conley",6700,"Phi@Mem 06:00PM ET",31.250,"Mem"
"C","Jahlil Okafor",6700,"Phi@Mem 06:00PM ET",32.838,"Phi"
"C","Nikola Vucevic",6600,"Bos@Orl 06:00PM ET",32.538,"Orl"
"SG","Victor Oladipo",6500,"Bos@Orl 06:00PM ET",31.036,"Orl"
"SG","Avery Bradley",6400,"Bos@Orl 06:00PM ET",26.357,"Bos"
"C","Jared Sullinger",6400,"Bos@Orl 06:00PM ET",30.188,"Bos"
"SF","Evan Fournier",6400,"Bos@Orl 06:00PM ET",29.359,"Orl"
"PF","Zach Randolph",6200,"Phi@Mem 06:00PM ET",29.167,"Mem"
"SG","Monta Ellis",6200,"Ind@LAL 09:30PM ET",28.467,"Ind"
"SF","Tobias Harris",6100,"Bos@Orl 06:00PM ET",30.688,"Orl"
"SG","Kobe Bryant",6000,"Ind@LAL 09:30PM ET",27.750,"LAL"
"PG","Jarrett Jack",6000,"Det@Bkn 06:00PM ET",31.214,"Bkn"
"SF","Robert Covington",6000,"Phi@Mem 06:00PM ET",30.375,"Phi"
"PG","Elfrid Payton",6000,"Bos@Orl 06:00PM ET",28.125,"Orl"
"SF","DeMarre Carroll",5900,"Pho@Tor 06:00PM ET",25.808,"Tor"
"PG","George Hill",5900,"Ind@LAL 09:30PM ET",28.063,"Ind"
"PF","Julius Randle",5900,"Ind@LAL 09:30PM ET",27.107,"LAL"
"PF","Nerlens Noel",5800,"Phi@Mem 06:00PM ET",26.536,"Phi"
"SF","Trevor Ariza",5700,"Hou@NY 07:30PM ET",26.453,"Hou"
"SF","Marcus Morris",5700,"Det@Bkn 06:00PM ET",28.047,"Det"
"SF","Jae Crowder",5700,"Bos@Orl 06:00PM ET",25.375,"Bos"
"PF","Terrence Jones",5700,"Hou@NY 07:30PM ET",22.955,"Hou"
"C","Jonas Valanciunas",5700,"Pho@Tor 06:00PM ET",26.714,"Tor"
"PF","Markieff Morris",5500,"Pho@Tor 06:00PM ET",24.554,"Pho"
"SF","C.J. Miles",5400,"Ind@LAL 09:30PM ET",24.854,"Ind"
"PF","Luis Scola",5300,"Pho@Tor 06:00PM ET",21.531,"Tor"
"SF","Joe Johnson",5200,"Det@Bkn 06:00PM ET",24.633,"Bkn"
"SF","Jeff Green",5100,"Phi@Mem 06:00PM ET",19.882,"Mem"
"SG","Evan Turner",5000,"Bos@Orl 06:00PM ET",22.109,"Bos"
"SG","Jordan Clarkson",5000,"Ind@LAL 09:30PM ET",23.482,"LAL"
"PF","Jordan Hill",4900,"Ind@LAL 09:30PM ET",23.885,"Ind"
"PG","Tony Wroten",4900,"Phi@Mem 06:00PM ET",0,"Phi"
"C","Clint Capela",4900,"Hou@NY 07:30PM ET",20.984,"Hou"
"PG","D'Angelo Russell",4900,"Ind@LAL 09:30PM ET",22.518,"LAL"
"C","Roy Hibbert",4800,"Ind@LAL 09:30PM ET",24.196,"LAL"
"PG","T.J. McConnell",4800,"Phi@Mem 06:00PM ET",24.412,"Phi"
"PG","Marcus Smart",4800,"Bos@Orl 06:00PM ET",23.278,"Bos"
"C","Ian Mahinmi",4700,"Ind@LAL 09:30PM ET",22.357,"Ind"
"SG","Kentavious Caldwell-Pope",4700,"Det@Bkn 06:00PM ET",22.375,"Det"
"SG","Rondae Hollis-Jefferson",4700,"Det@Bkn 06:00PM ET",18.633,"Bkn"
"C","Bismack Biyombo",4600,"Pho@Tor 06:00PM ET",15.203,"Tor"
"PF","Donatas Motiejunas",4600,"Hou@NY 07:30PM ET",0,"Hou"
"C","Tyson Chandler",4400,"Pho@Tor 06:00PM ET",19.133,"Pho"
"SF","Jerami Grant",4400,"Phi@Mem 06:00PM ET",22.250,"Phi"
"PG","Isaiah Canaan",4300,"Phi@Mem 06:00PM ET",19.647,"Phi"
"SG","Arron Afflalo",4200,"Hou@NY 07:30PM ET",18.667,"NY"
"PF","Ersan Ilyasova",4200,"Det@Bkn 06:00PM ET",17.922,"Det"
"PF","Amir Johnson",4200,"Bos@Orl 06:00PM ET",19.641,"Bos"
"PG","Brandon Jennings",4200,"Det@Bkn 06:00PM ET",0,"Det"
"SF","T.J. Warren",4200,"Pho@Tor 06:00PM ET",18.917,"Pho"
"C","Robin Lopez",4100,"Hou@NY 07:30PM ET",20.603,"NY"
"SF","Marcus Thornton",4100,"Hou@NY 07:30PM ET",19.286,"Hou"
"SF","Aaron Gordon",4000,"Bos@Orl 06:00PM ET",19.328,"Orl"
"SF","Matt Barnes",3900,"Phi@Mem 06:00PM ET",17.868,"Mem"
"SG","Rodney Stuckey",3900,"Ind@LAL 09:30PM ET",17.925,"Ind"
"PG","Lou Williams",3900,"Ind@LAL 09:30PM ET",20.357,"LAL"
"PG","Jose Calderon",3900,"Hou@NY 07:30PM ET",17.721,"NY"
"PG","Mario Chalmers",3900,"Phi@Mem 06:00PM ET",18.750,"Mem"
"PG","Ty Lawson",3900,"Hou@NY 07:30PM ET",18.766,"Hou"
"C","Kelly Olynyk",3900,"Bos@Orl 06:00PM ET",18.050,"Bos"
"C","Lavoy Allen",3800,"Ind@LAL 09:30PM ET",15.911,"Ind"
"SG","Langston Galloway",3800,"Hou@NY 07:30PM ET",20.118,"NY"
"PG","Cory Joseph",3800,"Pho@Tor 06:00PM ET",18.547,"Tor"
"SF","P.J. Tucker",3700,"Pho@Tor 06:00PM ET",15.703,"Pho"
"SG","Courtney Lee",3700,"Phi@Mem 06:00PM ET",17.603,"Mem"
"PG","Patrick Beverley",3700,"Hou@NY 07:30PM ET",12.611,"Hou"
"SG","Hollis Thompson",3700,"Phi@Mem 06:00PM ET",18.515,"Phi"
"PF","David Lee",3600,"Bos@Orl 06:00PM ET",14.938,"Bos"
"PF","JaMychal Green",3600,"Phi@Mem 06:00PM ET",15.721,"Mem"
"SF","Stanley Johnson",3600,"Det@Bkn 06:00PM ET",15.109,"Det"
"SF","Tony Allen",3500,"Phi@Mem 06:00PM ET",16.809,"Mem"
"PF","Patrick Patterson",3500,"Pho@Tor 06:00PM ET",13.531,"Tor"
"SF","Corey Brewer",3400,"Hou@NY 07:30PM ET",13.984,"Hou"
"SG","Nick Young",3400,"Ind@LAL 09:30PM ET",14.857,"LAL"
"SF","Bojan Bogdanovic",3400,"Det@Bkn 06:00PM ET",15.133,"Bkn"
"C","Dewayne Dedmon",3400,"Bos@Orl 06:00PM ET",13.679,"Orl"
"SG","Nik Stauskas",3400,"Phi@Mem 06:00PM ET",17.333,"Phi"
"PF","Channing Frye",3300,"Bos@Orl 06:00PM ET",13.182,"Orl"
"SF","Chase Budinger",3300,"Ind@LAL 09:30PM ET",11.483,"Ind"
"PG","Shane Larkin",3300,"Det@Bkn 06:00PM ET",17.117,"Bkn"
"SF","Mirza Teletovic",3300,"Pho@Tor 06:00PM ET",13.344,"Pho"
"SF","Metta World Peace",3200,"Ind@LAL 09:30PM ET",12.500,"LAL"
"PF","Brandon Bass",3200,"Ind@LAL 09:30PM ET",13.442,"LAL"
"PF","Brandan Wright",3200,"Phi@Mem 06:00PM ET",14.571,"Mem"
"PF","Jon Leuer",3200,"Pho@Tor 06:00PM ET",15.938,"Pho"
"PF","Andrew Nicholson",3200,"Bos@Orl 06:00PM ET",12.750,"Orl"
"PG","Shabazz Napier",3200,"Bos@Orl 06:00PM ET",10.217,"Orl"
"C","Myles Turner",3200,"Ind@LAL 09:30PM ET",12.031,"Ind"
"PG","C.J. Watson",3100,"Bos@Orl 06:00PM ET",13.875,"Orl"
"SG","Vince Carter",3000,"Phi@Mem 06:00PM ET",13.125,"Mem"
"PG","Jason Terry",3000,"Hou@NY 07:30PM ET",9.750,"Hou"
"PG","Steve Blake",3000,"Det@Bkn 06:00PM ET",11.208,"Det"
"PF","Louis Amundson",3000,"Hou@NY 07:30PM ET",6.333,"NY"
"PG","Ronnie Price",3000,"Pho@Tor 06:00PM ET",9.179,"Pho"
"PF","Anthony Tolliver",3000,"Det@Bkn 06:00PM ET",11.167,"Det"
"SG","Sasha Vujacic",3000,"Hou@NY 07:30PM ET",10.365,"NY"
"PF","Carl Landry",3000,"Phi@Mem 06:00PM ET",0,"Phi"
"PF","Jason Smith",3000,"Bos@Orl 06:00PM ET",11.591,"Orl"
"PF","Joel Anthony",3000,"Det@Bkn 06:00PM ET",6.000,"Det"
"C","Aron Baynes",3000,"Det@Bkn 06:00PM ET",10.781,"Det"
"C","Andrea Bargnani",3000,"Det@Bkn 06:00PM ET",9.267,"Bkn"
"SG","Wayne Ellington",3000,"Det@Bkn 06:00PM ET",7.661,"Bkn"
"SG","Jodie Meeks",3000,"Det@Bkn 06:00PM ET",2.000,"Det"
"SF","Lance Thomas",3000,"Hou@NY 07:30PM ET",9.103,"NY"
"PG","Donald Sloan",3000,"Det@Bkn 06:00PM ET",4.000,"Bkn"
"SG","Sonny Weems",3000,"Pho@Tor 06:00PM ET",4.500,"Pho"
"SF","James Johnson",3000,"Pho@Tor 06:00PM ET",8.917,"Tor"
"C","Robert Sacre",3000,"Ind@LAL 09:30PM ET",4.000,"LAL"
"C","Tyler Zeller",3000,"Bos@Orl 06:00PM ET",7.563,"Bos"
"SF","Willie Reed",3000,"Det@Bkn 06:00PM ET",0,"Bkn"
"PF","Kyle O'Quinn",3000,"Hou@NY 07:30PM ET",14.583,"NY"
"PF","Jonas Jerebko",3000,"Bos@Orl 06:00PM ET",8.625,"Bos"
"C","Shayne Whittington",3000,"Ind@LAL 09:30PM ET",-1.000,"Ind"
"SF","Derrick Williams",3000,"Hou@NY 07:30PM ET",12.422,"NY"
"SF","Solomon Hill",3000,"Ind@LAL 09:30PM ET",5.208,"Ind"
"SF","Ryan Kelly",3000,"Ind@LAL 09:30PM ET",11.792,"LAL"
"PF","Cory Jefferson",3000,"Pho@Tor 06:00PM ET",4.500,"Pho"
"PF","Thomas Robinson",3000,"Det@Bkn 06:00PM ET",10.567,"Bkn"
"SG","Terrence Ross",3000,"Pho@Tor 06:00PM ET",10.725,"Tor"
"PF","Kevin Seraphin",3000,"Hou@NY 07:30PM ET",7.885,"NY"
"C","Tarik Black",3000,"Ind@LAL 09:30PM ET",9.844,"LAL"
"PG","Phil Pressey",3000,"Phi@Mem 06:00PM ET",13.091,"Phi"
"SF","Anthony Brown",3000,"Ind@LAL 09:30PM ET",2.500,"LAL"
"PG","Jerian Grant",3000,"Hou@NY 07:30PM ET",13.132,"NY"
"PG","Kendall Marshall",3000,"Phi@Mem 06:00PM ET",0,"Phi"
"SF","Reggie Bullock",3000,"Det@Bkn 06:00PM ET",1.600,"Det"
"PG","Russ Smith",3000,"Phi@Mem 06:00PM ET",2.833,"Mem"
"SG","Markel Brown",3000,"Det@Bkn 06:00PM ET",6.786,"Bkn"
"SF","Devyn Marble",3000,"Bos@Orl 06:00PM ET",1.188,"Orl"
"SG","Joe Young",3000,"Ind@LAL 09:30PM ET",3.542,"Ind"
"PG","Marcelo Huertas",3000,"Ind@LAL 09:30PM ET",10.844,"LAL"
"PG","Bryce Cotton",3000,"Pho@Tor 06:00PM ET",0,"Pho"
"SG","Darrun Hilliard",3000,"Det@Bkn 06:00PM ET",5.750,"Det"
"SG","James Ennis",3000,"Phi@Mem 06:00PM ET",0.950,"Mem"
"PG","Spencer Dinwiddie",3000,"Det@Bkn 06:00PM ET",11.333,"Det"
"PF","Larry Nance Jr.",3000,"Ind@LAL 09:30PM ET",10.861,"LAL"
"SF","K.J. McDaniels",3000,"Hou@NY 07:30PM ET",4.850,"Hou"
"PF","Rakeem Christmas",3000,"Ind@LAL 09:30PM ET",0,"Ind"
"SF","Jakarr Sampson",3000,"Phi@Mem 06:00PM ET",9.632,"Phi"
"SG","Norman Powell",3000,"Pho@Tor 06:00PM ET",3.406,"Tor"
"C","Alex Len",3000,"Pho@Tor 06:00PM ET",13.016,"Pho"
"C","Lucas Nogueira",3000,"Pho@Tor 06:00PM ET",3.500,"Tor"
"SF","Sergey Karasev",3000,"Det@Bkn 06:00PM ET",2.833,"Bkn"
"SF","Sam Dekker",3000,"Hou@NY 07:30PM ET",1.083,"Hou"
"SG","R.J. Hunter",3000,"Bos@Orl 06:00PM ET",7.068,"Bos"
"PF","Richaun Holmes",3000,"Phi@Mem 06:00PM ET",10.188,"Phi"
"SG","Jordan Adams",3000,"Phi@Mem 06:00PM ET",9.500,"Mem"
"PF","Montrezl Harrell",3000,"Hou@NY 07:30PM ET",7.462,"Hou"
"SF","Glenn Robinson III",3000,"Ind@LAL 09:30PM ET",9.545,"Ind"
"SG","Archie Goodwin",3000,"Pho@Tor 06:00PM ET",8.455,"Pho"
"SF","Anthony Bennett",3000,"Pho@Tor 06:00PM ET",4.000,"Tor"
"SF","Cleanthony Early",3000,"Hou@NY 07:30PM ET",2.700,"NY"
"PG","Delon Wright",3000,"Pho@Tor 06:00PM ET",1.125,"Tor"
"PF","Jarell Martin",3000,"Phi@Mem 06:00PM ET",0,"Mem"
"PF","Jordan Mickey",3000,"Bos@Orl 06:00PM ET",6.125,"Bos"
"PF","Christian Wood",3000,"Phi@Mem 06:00PM ET",9.182,"Phi"
"PG","Terry Rozier",3000,"Bos@Orl 06:00PM ET",3.850,"Bos"
"SG","James Young",3000,"Bos@Orl 06:00PM ET",2.750,"Bos"
"C","Joel Embiid",3000,"Phi@Mem 06:00PM ET",0,"Phi"
"SF","Bruno Caboclo",3000,"Pho@Tor 06:00PM ET",0.000,"Tor"
"SG","Mario Hezonja",3000,"Bos@Orl 06:00PM ET",7.328,"Orl"
"SG","Devin Booker",3000,"Pho@Tor 06:00PM ET",8.500,"Pho"
"PF","Chris McCullough",3000,"Det@Bkn 06:00PM ET",0,"Bkn"
